timestamp,returns
2025-02-28 00:00:00+00:00,0.0
2025-02-28 00:00:00+00:00,0.0
2025-02-28 00:00:00+00:00,0.0
2025-02-28 00:00:00+00:00,0.0
2025-03-03 00:00:00+00:00,0.0
2025-03-03 00:00:00+00:00,0.0
2025-03-03 00:00:00+00:00,0.0
2025-03-03 00:00:00+00:00,0.0
2025-03-04 00:00:00+00:00,-0.0
2025-03-04 00:00:00+00:00,0.0
2025-03-04 00:00:00+00:00,0.0
2025-03-04 00:00:00+00:00,0.0
2025-03-05 00:00:00+00:00,0.0
2025-03-05 00:00:00+00:00,0.0
2025-03-05 00:00:00+00:00,0.0
2025-03-05 00:00:00+00:00,0.0
2025-03-06 00:00:00+00:00,-0.0
2025-03-06 00:00:00+00:00,0.0
2025-03-06 00:00:00+00:00,0.0
2025-03-06 00:00:00+00:00,0.0
2025-03-07 00:00:00+00:00,0.0
2025-03-07 00:00:00+00:00,0.0
2025-03-07 00:00:00+00:00,0.0
2025-03-07 00:00:00+00:00,0.0
2025-03-10 00:00:00+00:00,0.0
2025-03-10 00:00:00+00:00,0.0
2025-03-10 00:00:00+00:00,-0.0004
2025-03-10 00:00:00+00:00,0.0
2025-03-11 00:00:00+00:00,-0.014169722508812321
2025-03-11 00:00:00+00:00,0.0
2025-03-11 00:00:00+00:00,0.0
2025-03-11 00:00:00+00:00,0.0
2025-03-12 00:00:00+00:00,-0.007163214826300446
2025-03-12 00:00:00+00:00,0.0
2025-03-12 00:00:00+00:00,0.0
2025-03-12 00:00:00+00:00,0.0
2025-03-13 00:00:00+00:00,-0.0024049407707664727
2025-03-13 00:00:00+00:00,0.0
2025-03-13 00:00:00+00:00,0.0
2025-03-13 00:00:00+00:00,0.0
2025-03-14 00:00:00+00:00,0.0010400214042682876
2025-03-14 00:00:00+00:00,0.0
2025-03-14 00:00:00+00:00,0.0
2025-03-14 00:00:00+00:00,0.0
2025-03-17 00:00:00+00:00,0.012749534595294154
2025-03-17 00:00:00+00:00,0.0
2025-03-17 00:00:00+00:00,0.0
2025-03-17 00:00:00+00:00,0.0
2025-03-18 00:00:00+00:00,-0.0028908105564257047
2025-03-18 00:00:00+00:00,0.0
2025-03-18 00:00:00+00:00,0.0
2025-03-18 00:00:00+00:00,0.0
2025-03-19 00:00:00+00:00,-0.0074817918335762235
2025-03-19 00:00:00+00:00,0.0
2025-03-19 00:00:00+00:00,0.0
2025-03-19 00:00:00+00:00,0.0
2025-03-20 00:00:00+00:00,-0.0013663449525780358
2025-03-20 00:00:00+00:00,0.0
2025-03-20 00:00:00+00:00,0.0
2025-03-20 00:00:00+00:00,0.0
2025-03-21 00:00:00+00:00,-0.00919990074511845
2025-03-21 00:00:00+00:00,0.0
2025-03-21 00:00:00+00:00,0.0
2025-03-21 00:00:00+00:00,0.0
2025-03-24 00:00:00+00:00,-0.003999775616665535
2025-03-24 00:00:00+00:00,0.0
2025-03-24 00:00:00+00:00,0.0
2025-03-24 00:00:00+00:00,0.0
2025-03-25 00:00:00+00:00,-0.03743370583675143
2025-03-25 00:00:00+00:00,0.0
2025-03-25 00:00:00+00:00,0.0
2025-03-25 00:00:00+00:00,0.0
2025-03-26 00:00:00+00:00,-0.00019864112551193358
2025-03-26 00:00:00+00:00,0.0
2025-03-26 00:00:00+00:00,0.0
2025-03-26 00:00:00+00:00,0.0
2025-03-27 00:00:00+00:00,0.007054179476576827
2025-03-27 00:00:00+00:00,0.0
2025-03-27 00:00:00+00:00,0.0
2025-03-27 00:00:00+00:00,0.0
2025-03-28 00:00:00+00:00,0.01267752206722017
2025-03-28 00:00:00+00:00,0.0
2025-03-28 00:00:00+00:00,0.0
2025-03-28 00:00:00+00:00,0.0
2025-03-31 00:00:00+00:00,0.020605034551574697
2025-03-31 00:00:00+00:00,0.0
2025-03-31 00:00:00+00:00,0.0
2025-03-31 00:00:00+00:00,0.0
2025-04-01 00:00:00+00:00,-0.015511657999400352
2025-04-01 00:00:00+00:00,0.0
2025-04-01 00:00:00+00:00,0.0
2025-04-01 00:00:00+00:00,-0.0004
2025-04-02 00:00:00+00:00,0.005235887905115755
2025-04-02 00:00:00+00:00,-0.0
2025-04-02 00:00:00+00:00,-0.0
2025-04-02 00:00:00+00:00,-0.0
2025-04-03 00:00:00+00:00,0.017301000563682667
2025-04-03 00:00:00+00:00,-0.0
2025-04-03 00:00:00+00:00,-0.0
2025-04-03 00:00:00+00:00,-0.0
2025-04-04 00:00:00+00:00,0.07280307435652067
2025-04-04 00:00:00+00:00,-0.0
2025-04-04 00:00:00+00:00,-0.0
2025-04-04 00:00:00+00:00,-0.0
2025-04-07 00:00:00+00:00,0.0021930131636462846
2025-04-07 00:00:00+00:00,-0.0
2025-04-07 00:00:00+00:00,-0.0
2025-04-07 00:00:00+00:00,-0.0
2025-04-08 00:00:00+00:00,0.058322210879028336
2025-04-08 00:00:00+00:00,-0.0
2025-04-08 00:00:00+00:00,-0.0
2025-04-08 00:00:00+00:00,-0.0
2025-04-09 00:00:00+00:00,-0.02373778338967414
2025-04-09 00:00:00+00:00,-0.0
2025-04-09 00:00:00+00:00,-0.0
2025-04-09 00:00:00+00:00,-0.0
2025-04-10 00:00:00+00:00,0.03136112041872241
2025-04-10 00:00:00+00:00,-0.0
2025-04-10 00:00:00+00:00,-0.0
2025-04-10 00:00:00+00:00,-0.0
2025-04-11 00:00:00+00:00,-0.0048793996936036255
2025-04-11 00:00:00+00:00,-0.0
2025-04-11 00:00:00+00:00,-0.0
2025-04-11 00:00:00+00:00,-0.0
2025-04-14 00:00:00+00:00,-0.023136253039828025
2025-04-14 00:00:00+00:00,-0.0
2025-04-14 00:00:00+00:00,-0.0
2025-04-14 00:00:00+00:00,-0.0
2025-04-15 00:00:00+00:00,0.0037190940999666244
2025-04-15 00:00:00+00:00,-0.0
2025-04-15 00:00:00+00:00,-0.0
2025-04-15 00:00:00+00:00,-0.0
2025-04-16 00:00:00+00:00,0.028959387917565915
2025-04-16 00:00:00+00:00,-0.0
2025-04-16 00:00:00+00:00,-0.0
2025-04-16 00:00:00+00:00,-0.0
2025-04-17 00:00:00+00:00,-0.007630541754447551
2025-04-17 00:00:00+00:00,-0.0
2025-04-17 00:00:00+00:00,-0.0
2025-04-17 00:00:00+00:00,-0.0
2025-04-21 00:00:00+00:00,0.016359374740300137
2025-04-21 00:00:00+00:00,-0.0
2025-04-21 00:00:00+00:00,-0.0
2025-04-21 00:00:00+00:00,-0.0
2025-04-22 00:00:00+00:00,-0.02127405764486201
2025-04-22 00:00:00+00:00,-0.0
2025-04-22 00:00:00+00:00,-0.0
2025-04-22 00:00:00+00:00,-0.0
2025-04-23 00:00:00+00:00,-0.018816967173984844
2025-04-23 00:00:00+00:00,-0.0
2025-04-23 00:00:00+00:00,-0.0
2025-04-23 00:00:00+00:00,-0.0
2025-04-24 00:00:00+00:00,-0.018751769041059907
2025-04-24 00:00:00+00:00,-0.0
2025-04-24 00:00:00+00:00,-0.0
2025-04-24 00:00:00+00:00,-0.0
2025-04-25 00:00:00+00:00,-0.03154628436160034
2025-04-25 00:00:00+00:00,-0.0
2025-04-25 00:00:00+00:00,-0.0
2025-04-25 00:00:00+00:00,-0.0
2025-04-28 00:00:00+00:00,-0.033752404596164354
2025-04-28 00:00:00+00:00,-0.0
2025-04-28 00:00:00+00:00,-0.0
2025-04-28 00:00:00+00:00,-0.0
2025-04-29 00:00:00+00:00,-0.006083060607756874
2025-04-29 00:00:00+00:00,-0.0
2025-04-29 00:00:00+00:00,-0.0
2025-04-29 00:00:00+00:00,-0.0
2025-04-30 00:00:00+00:00,-0.008216723895369649
2025-04-30 00:00:00+00:00,-0.0
2025-04-30 00:00:00+00:00,-0.0
2025-04-30 00:00:00+00:00,-0.0004
2025-05-01 00:00:00+00:00,-0.009021097363408281
2025-05-01 00:00:00+00:00,0.0
2025-05-01 00:00:00+00:00,0.0
2025-05-01 00:00:00+00:00,0.0
2025-05-02 00:00:00+00:00,0.026533595920783082
2025-05-02 00:00:00+00:00,0.0
2025-05-02 00:00:00+00:00,0.0
2025-05-02 00:00:00+00:00,0.0
2025-05-05 00:00:00+00:00,-0.012092454323304191
2025-05-05 00:00:00+00:00,0.0
2025-05-05 00:00:00+00:00,0.0
2025-05-05 00:00:00+00:00,0.0
2025-05-06 00:00:00+00:00,-0.045494017361582095
2025-05-06 00:00:00+00:00,0.0
2025-05-06 00:00:00+00:00,0.0
2025-05-06 00:00:00+00:00,0.0
2025-05-07 00:00:00+00:00,0.005022611101495267
2025-05-07 00:00:00+00:00,0.0
2025-05-07 00:00:00+00:00,0.0
2025-05-07 00:00:00+00:00,0.0
2025-05-08 00:00:00+00:00,-0.013344584392204761
2025-05-08 00:00:00+00:00,0.0
2025-05-08 00:00:00+00:00,0.0
2025-05-08 00:00:00+00:00,0.0
2025-05-09 00:00:00+00:00,-0.0052807441997068105
2025-05-09 00:00:00+00:00,0.0
2025-05-09 00:00:00+00:00,0.0
2025-05-09 00:00:00+00:00,0.0
2025-05-12 00:00:00+00:00,0.02963164365504678
2025-05-12 00:00:00+00:00,0.0
2025-05-12 00:00:00+00:00,0.0
2025-05-12 00:00:00+00:00,0.0
2025-05-13 00:00:00+00:00,-0.010890776210539355
2025-05-13 00:00:00+00:00,0.0
2025-05-13 00:00:00+00:00,0.0
2025-05-13 00:00:00+00:00,0.0
2025-05-14 00:00:00+00:00,-0.05617023441210456
2025-05-14 00:00:00+00:00,0.0
2025-05-14 00:00:00+00:00,0.0
2025-05-14 00:00:00+00:00,0.0
2025-05-15 00:00:00+00:00,0.02389538299824001
2025-05-15 00:00:00+00:00,0.0
2025-05-15 00:00:00+00:00,0.0
2025-05-15 00:00:00+00:00,0.0
2025-05-16 00:00:00+00:00,0.012879877205570045
2025-05-16 00:00:00+00:00,0.0
2025-05-16 00:00:00+00:00,0.0
2025-05-16 00:00:00+00:00,0.0
2025-05-19 00:00:00+00:00,0.009183757085714728
2025-05-19 00:00:00+00:00,0.0
2025-05-19 00:00:00+00:00,0.0
2025-05-19 00:00:00+00:00,0.0
2025-05-20 00:00:00+00:00,-0.004630827113600078
2025-05-20 00:00:00+00:00,0.0
2025-05-20 00:00:00+00:00,0.0
2025-05-20 00:00:00+00:00,0.0
2025-05-21 00:00:00+00:00,-0.01649992041050763
2025-05-21 00:00:00+00:00,0.0
2025-05-21 00:00:00+00:00,0.0
2025-05-21 00:00:00+00:00,0.0
2025-05-22 00:00:00+00:00,0.004070390001397639
2025-05-22 00:00:00+00:00,0.0
2025-05-22 00:00:00+00:00,0.0
2025-05-22 00:00:00+00:00,0.0
2025-05-23 00:00:00+00:00,0.003944315267177867
2025-05-23 00:00:00+00:00,0.0
2025-05-23 00:00:00+00:00,0.0
2025-05-23 00:00:00+00:00,0.0
2025-05-27 00:00:00+00:00,0.013423606235426488
2025-05-27 00:00:00+00:00,0.0
2025-05-27 00:00:00+00:00,-0.0004
2025-05-27 00:00:00+00:00,-0.0
2025-05-28 00:00:00+00:00,0.01416114562016424
2025-05-28 00:00:00+00:00,-0.0
2025-05-28 00:00:00+00:00,-0.0
2025-05-28 00:00:00+00:00,-0.0
2025-05-29 00:00:00+00:00,-0.013818340967800324
2025-05-29 00:00:00+00:00,-0.0
2025-05-29 00:00:00+00:00,-0.0
2025-05-29 00:00:00+00:00,-0.0
2025-05-30 00:00:00+00:00,0.0022399295682044686
2025-05-30 00:00:00+00:00,0.0
2025-05-30 00:00:00+00:00,0.0
2025-05-30 00:00:00+00:00,0.0
2025-06-02 00:00:00+00:00,0.004728345767473607
2025-06-02 00:00:00+00:00,0.0
2025-06-02 00:00:00+00:00,0.0
2025-06-02 00:00:00+00:00,0.0
2025-06-03 00:00:00+00:00,0.0013904766680037373
2025-06-03 00:00:00+00:00,0.0
2025-06-03 00:00:00+00:00,0.0
2025-06-03 00:00:00+00:00,0.0
2025-06-04 00:00:00+00:00,0.00048059594899085845
2025-06-04 00:00:00+00:00,0.0
2025-06-04 00:00:00+00:00,0.0
2025-06-04 00:00:00+00:00,0.0
2025-06-05 00:00:00+00:00,0.0006938977535528856
2025-06-05 00:00:00+00:00,0.0
2025-06-05 00:00:00+00:00,0.0
2025-06-05 00:00:00+00:00,0.0
2025-06-06 00:00:00+00:00,0.01258877445306239
2025-06-06 00:00:00+00:00,0.0
2025-06-06 00:00:00+00:00,0.0
2025-06-06 00:00:00+00:00,0.0
2025-06-09 00:00:00+00:00,-0.0035295097704620693
2025-06-09 00:00:00+00:00,0.0
2025-06-09 00:00:00+00:00,0.0
2025-06-09 00:00:00+00:00,0.0
2025-06-10 00:00:00+00:00,0.0017973165239038025
2025-06-10 00:00:00+00:00,0.0
2025-06-10 00:00:00+00:00,0.0
2025-06-10 00:00:00+00:00,0.0
2025-06-11 00:00:00+00:00,0.010554195233027475
2025-06-11 00:00:00+00:00,0.0
2025-06-11 00:00:00+00:00,0.0
2025-06-11 00:00:00+00:00,0.0
2025-06-12 00:00:00+00:00,0.00480415490243713
2025-06-12 00:00:00+00:00,0.0
2025-06-12 00:00:00+00:00,0.0
2025-06-12 00:00:00+00:00,0.0
2025-06-13 00:00:00+00:00,-0.006963923347711676
2025-06-13 00:00:00+00:00,0.0
2025-06-13 00:00:00+00:00,0.0
2025-06-13 00:00:00+00:00,0.0
2025-06-16 00:00:00+00:00,-0.0011514425866437916
2025-06-16 00:00:00+00:00,0.0
2025-06-16 00:00:00+00:00,0.0
2025-06-16 00:00:00+00:00,0.0
2025-06-17 00:00:00+00:00,-0.02818817233484794
2025-06-17 00:00:00+00:00,0.0
2025-06-17 00:00:00+00:00,0.0
2025-06-17 00:00:00+00:00,0.0
2025-06-18 00:00:00+00:00,5.400274495692692e-05
2025-06-18 00:00:00+00:00,0.0
2025-06-18 00:00:00+00:00,0.0
2025-06-18 00:00:00+00:00,0.0
2025-06-20 00:00:00+00:00,-0.0010243118854886823
2025-06-20 00:00:00+00:00,0.0
2025-06-20 00:00:00+00:00,0.0
2025-06-20 00:00:00+00:00,0.0
2025-06-23 00:00:00+00:00,-0.00831092347613882
2025-06-23 00:00:00+00:00,0.0
2025-06-23 00:00:00+00:00,0.0
2025-06-23 00:00:00+00:00,0.0
2025-06-24 00:00:00+00:00,0.009740983100243517
2025-06-24 00:00:00+00:00,0.0
2025-06-24 00:00:00+00:00,0.0
2025-06-24 00:00:00+00:00,0.0
2025-06-25 00:00:00+00:00,-0.0008622862569727108
2025-06-25 00:00:00+00:00,0.0
2025-06-25 00:00:00+00:00,0.0
2025-06-25 00:00:00+00:00,0.0
2025-06-26 00:00:00+00:00,0.007551663822209065
2025-06-26 00:00:00+00:00,0.0
2025-06-26 00:00:00+00:00,0.0
2025-06-26 00:00:00+00:00,0.0
2025-06-27 00:00:00+00:00,-0.023984237051245083
2025-06-27 00:00:00+00:00,0.0
2025-06-27 00:00:00+00:00,0.0
2025-06-27 00:00:00+00:00,0.0
2025-06-30 00:00:00+00:00,0.018155889356412658
2025-06-30 00:00:00+00:00,0.0
2025-06-30 00:00:00+00:00,0.0
2025-06-30 00:00:00+00:00,0.0
2025-07-01 00:00:00+00:00,0.023542844577777222
2025-07-01 00:00:00+00:00,0.0
2025-07-01 00:00:00+00:00,0.0
2025-07-01 00:00:00+00:00,0.0
2025-07-02 00:00:00+00:00,0.00400012008173789
2025-07-02 00:00:00+00:00,0.0
2025-07-02 00:00:00+00:00,-0.0004
2025-07-02 00:00:00+00:00,-0.0
2025-07-03 00:00:00+00:00,0.007706385342204691
2025-07-03 00:00:00+00:00,-0.0
2025-07-03 00:00:00+00:00,-0.0
2025-07-03 00:00:00+00:00,-0.0
2025-07-07 00:00:00+00:00,0.008717200800333669
2025-07-07 00:00:00+00:00,-0.0
2025-07-07 00:00:00+00:00,-0.0
2025-07-07 00:00:00+00:00,-0.0
2025-07-08 00:00:00+00:00,-0.011405424191185398
2025-07-08 00:00:00+00:00,-0.0
2025-07-08 00:00:00+00:00,-0.0
2025-07-08 00:00:00+00:00,-0.0
2025-07-09 00:00:00+00:00,-0.0044790538051331374
2025-07-09 00:00:00+00:00,-0.0
2025-07-09 00:00:00+00:00,-0.0
2025-07-09 00:00:00+00:00,-0.0
2025-07-10 00:00:00+00:00,-0.02297769246086112
2025-07-10 00:00:00+00:00,-0.0
2025-07-10 00:00:00+00:00,-0.0
2025-07-10 00:00:00+00:00,-0.0
2025-07-11 00:00:00+00:00,0.01307693028904
2025-07-11 00:00:00+00:00,-0.0
2025-07-11 00:00:00+00:00,-0.0
2025-07-11 00:00:00+00:00,-0.0
2025-07-14 00:00:00+00:00,0.004832405691155395
2025-07-14 00:00:00+00:00,-0.0
2025-07-14 00:00:00+00:00,-0.0
2025-07-14 00:00:00+00:00,-0.0
2025-07-15 00:00:00+00:00,0.018380102897310624
2025-07-15 00:00:00+00:00,-0.0
2025-07-15 00:00:00+00:00,-0.0
2025-07-15 00:00:00+00:00,-0.0
2025-07-16 00:00:00+00:00,-0.022479797024775428
2025-07-16 00:00:00+00:00,-0.0
2025-07-16 00:00:00+00:00,-0.0
2025-07-16 00:00:00+00:00,-0.0
2025-07-17 00:00:00+00:00,-0.004302571723077131
2025-07-17 00:00:00+00:00,-0.0
2025-07-17 00:00:00+00:00,-0.0
2025-07-17 00:00:00+00:00,-0.0
2025-07-18 00:00:00+00:00,0.011180705704393112
2025-07-18 00:00:00+00:00,-0.0
2025-07-18 00:00:00+00:00,-0.0
2025-07-18 00:00:00+00:00,-0.0
2025-07-21 00:00:00+00:00,0.023301207069879037
2025-07-21 00:00:00+00:00,-0.0
2025-07-21 00:00:00+00:00,-0.0
2025-07-21 00:00:00+00:00,-0.0
2025-07-22 00:00:00+00:00,-0.012226081900174046
2025-07-22 00:00:00+00:00,-0.0
2025-07-22 00:00:00+00:00,-0.0
2025-07-22 00:00:00+00:00,-0.0
2025-07-23 00:00:00+00:00,-0.018384930656178744
2025-07-23 00:00:00+00:00,-0.0
2025-07-23 00:00:00+00:00,-0.0
2025-07-23 00:00:00+00:00,-0.0
2025-07-24 00:00:00+00:00,-0.0014694040689637866
2025-07-24 00:00:00+00:00,-0.0
2025-07-24 00:00:00+00:00,-0.0
2025-07-24 00:00:00+00:00,-0.0
2025-07-25 00:00:00+00:00,0.002882132152672079
2025-07-25 00:00:00+00:00,-0.0
2025-07-25 00:00:00+00:00,-0.0
2025-07-25 00:00:00+00:00,-0.0
2025-07-28 00:00:00+00:00,0.009249546250825191
2025-07-28 00:00:00+00:00,-0.0
2025-07-28 00:00:00+00:00,-0.0
2025-07-28 00:00:00+00:00,-0.0
2025-07-29 00:00:00+00:00,-0.014322129114882731
2025-07-29 00:00:00+00:00,-0.0
2025-07-29 00:00:00+00:00,-0.0
2025-07-29 00:00:00+00:00,-0.0
2025-07-30 00:00:00+00:00,0.009988502600424831
2025-07-30 00:00:00+00:00,-0.0
2025-07-30 00:00:00+00:00,-0.0
2025-07-30 00:00:00+00:00,-0.0
2025-07-31 00:00:00+00:00,0.0015318951135909753
2025-07-31 00:00:00+00:00,-0.0
2025-07-31 00:00:00+00:00,-0.0004
2025-07-31 00:00:00+00:00,0.0
2025-08-01 00:00:00+00:00,0.032800755623449085
2025-08-01 00:00:00+00:00,0.0
2025-08-01 00:00:00+00:00,0.0
2025-08-01 00:00:00+00:00,0.0
2025-08-04 00:00:00+00:00,0.010091119096203638
2025-08-04 00:00:00+00:00,0.0
2025-08-04 00:00:00+00:00,0.0
2025-08-04 00:00:00+00:00,0.0
2025-08-05 00:00:00+00:00,0.006896923422976542
2025-08-05 00:00:00+00:00,0.0
2025-08-05 00:00:00+00:00,0.0
2025-08-05 00:00:00+00:00,0.0
2025-08-06 00:00:00+00:00,-0.011332074066606523
2025-08-06 00:00:00+00:00,0.0
2025-08-06 00:00:00+00:00,0.0
2025-08-06 00:00:00+00:00,0.0
2025-08-07 00:00:00+00:00,0.013041196720652959
2025-08-07 00:00:00+00:00,0.0
2025-08-07 00:00:00+00:00,0.0
2025-08-07 00:00:00+00:00,0.0
2025-08-08 00:00:00+00:00,-0.004073174573817506
2025-08-08 00:00:00+00:00,0.0
2025-08-08 00:00:00+00:00,0.0
2025-08-08 00:00:00+00:00,0.0
2025-08-11 00:00:00+00:00,0.0029789611747066402
2025-08-11 00:00:00+00:00,0.0
2025-08-11 00:00:00+00:00,0.0
2025-08-11 00:00:00+00:00,0.0
2025-08-12 00:00:00+00:00,0.0
2025-08-12 00:00:00+00:00,0.0
2025-08-12 00:00:00+00:00,0.0
2025-08-12 00:00:00+00:00,0.0
2025-08-13 00:00:00+00:00,0.014246982057729562
2025-08-13 00:00:00+00:00,0.0
2025-08-13 00:00:00+00:00,0.0
2025-08-13 00:00:00+00:00,0.0
2025-08-14 00:00:00+00:00,0.015932833215578368
2025-08-14 00:00:00+00:00,0.0
2025-08-14 00:00:00+00:00,0.0
2025-08-14 00:00:00+00:00,0.0
2025-08-15 00:00:00+00:00,0.009820232990687572
2025-08-15 00:00:00+00:00,0.0
2025-08-15 00:00:00+00:00,0.0
2025-08-15 00:00:00+00:00,0.0
2025-08-18 00:00:00+00:00,-0.0005806012618521095
2025-08-18 00:00:00+00:00,0.0
2025-08-18 00:00:00+00:00,0.0
2025-08-18 00:00:00+00:00,0.0
2025-08-19 00:00:00+00:00,-0.0018395637605939097
2025-08-19 00:00:00+00:00,0.0
2025-08-19 00:00:00+00:00,0.0
2025-08-19 00:00:00+00:00,0.0
2025-08-20 00:00:00+00:00,0.014355625803399663
2025-08-20 00:00:00+00:00,0.0
2025-08-20 00:00:00+00:00,0.0
2025-08-20 00:00:00+00:00,0.0
2025-08-21 00:00:00+00:00,0.0016734656145482862
2025-08-21 00:00:00+00:00,0.0
2025-08-21 00:00:00+00:00,0.0
2025-08-21 00:00:00+00:00,0.0
2025-08-22 00:00:00+00:00,0.00525064484068305
2025-08-22 00:00:00+00:00,0.0
2025-08-22 00:00:00+00:00,0.0
2025-08-22 00:00:00+00:00,0.0
2025-08-25 00:00:00+00:00,-0.014482419569679328
2025-08-25 00:00:00+00:00,0.0
2025-08-25 00:00:00+00:00,0.0
2025-08-25 00:00:00+00:00,0.0
2025-08-26 00:00:00+00:00,0.0039027075985680337
2025-08-26 00:00:00+00:00,-0.0004
2025-08-26 00:00:00+00:00,-0.0
2025-08-26 00:00:00+00:00,-0.0
2025-08-27 00:00:00+00:00,0.0014399436930414566
2025-08-27 00:00:00+00:00,-0.0
2025-08-27 00:00:00+00:00,-0.0
2025-08-27 00:00:00+00:00,-0.0
2025-08-28 00:00:00+00:00,0.0006728335129466689
2025-08-28 00:00:00+00:00,-0.0
2025-08-28 00:00:00+00:00,-0.0
2025-08-28 00:00:00+00:00,-0.0004
2025-08-29 00:00:00+00:00,0.011927662680173645
2025-08-29 00:00:00+00:00,0.0
2025-08-29 00:00:00+00:00,0.0
2025-08-29 00:00:00+00:00,0.0
2025-09-02 00:00:00+00:00,0.007224383400316281
2025-09-02 00:00:00+00:00,0.0
2025-09-02 00:00:00+00:00,0.0
2025-09-02 00:00:00+00:00,0.0
2025-09-03 00:00:00+00:00,-0.0002831362637680801
2025-09-03 00:00:00+00:00,0.0
2025-09-03 00:00:00+00:00,0.0
2025-09-03 00:00:00+00:00,0.0
2025-09-04 00:00:00+00:00,0.005380893222132199
2025-09-04 00:00:00+00:00,0.0
2025-09-04 00:00:00+00:00,0.0
2025-09-04 00:00:00+00:00,0.0
2025-09-05 00:00:00+00:00,-0.0020657320431108905
2025-09-05 00:00:00+00:00,0.0
2025-09-05 00:00:00+00:00,0.0
2025-09-05 00:00:00+00:00,0.0
2025-09-08 00:00:00+00:00,-0.013031627152769065
2025-09-08 00:00:00+00:00,0.0
2025-09-08 00:00:00+00:00,0.0
2025-09-08 00:00:00+00:00,0.0
2025-09-09 00:00:00+00:00,0.0030030043335866896
2025-09-09 00:00:00+00:00,0.0
2025-09-09 00:00:00+00:00,0.0
2025-09-09 00:00:00+00:00,0.0
2025-09-10 00:00:00+00:00,0.00579792350286823
2025-09-10 00:00:00+00:00,0.0
2025-09-10 00:00:00+00:00,0.0
2025-09-10 00:00:00+00:00,0.0
2025-09-11 00:00:00+00:00,0.040540516799391524
2025-09-11 00:00:00+00:00,0.0
2025-09-11 00:00:00+00:00,0.0
2025-09-11 00:00:00+00:00,0.0
2025-09-12 00:00:00+00:00,-0.008536884781707887
2025-09-12 00:00:00+00:00,0.0
2025-09-12 00:00:00+00:00,0.0
2025-09-12 00:00:00+00:00,0.0
2025-09-15 00:00:00+00:00,-0.0033433567574313594
2025-09-15 00:00:00+00:00,0.0
2025-09-15 00:00:00+00:00,0.0
2025-09-15 00:00:00+00:00,0.0
2025-09-16 00:00:00+00:00,-0.006203812247609686
2025-09-16 00:00:00+00:00,0.0
2025-09-16 00:00:00+00:00,0.0
2025-09-16 00:00:00+00:00,0.0
2025-09-17 00:00:00+00:00,0.021039522569639812
2025-09-17 00:00:00+00:00,0.0
2025-09-17 00:00:00+00:00,0.0
2025-09-17 00:00:00+00:00,0.0
2025-09-18 00:00:00+00:00,0.005343949667552028
2025-09-18 00:00:00+00:00,0.0
2025-09-18 00:00:00+00:00,0.0
2025-09-18 00:00:00+00:00,0.0
2025-09-19 00:00:00+00:00,0.0021622704293136064
2025-09-19 00:00:00+00:00,0.0
2025-09-19 00:00:00+00:00,0.0
2025-09-19 00:00:00+00:00,0.0
2025-09-22 00:00:00+00:00,0.0005393490471348183
2025-09-22 00:00:00+00:00,0.0
2025-09-22 00:00:00+00:00,0.0
2025-09-22 00:00:00+00:00,0.0
2025-09-23 00:00:00+00:00,8.985465122757219e-05
2025-09-23 00:00:00+00:00,0.0
2025-09-23 00:00:00+00:00,0.0
2025-09-23 00:00:00+00:00,0.0
2025-09-24 00:00:00+00:00,-0.01176941456846603
2025-09-24 00:00:00+00:00,0.0
2025-09-24 00:00:00+00:00,0.0
2025-09-24 00:00:00+00:00,0.0
2025-09-25 00:00:00+00:00,-0.006591207990239267
2025-09-25 00:00:00+00:00,0.0
2025-09-25 00:00:00+00:00,0.0
2025-09-25 00:00:00+00:00,0.0
2025-09-26 00:00:00+00:00,0.00947198440178676
2025-09-26 00:00:00+00:00,0.0
2025-09-26 00:00:00+00:00,0.0
2025-09-26 00:00:00+00:00,0.0
2025-09-29 00:00:00+00:00,0.011558763455641552
2025-09-29 00:00:00+00:00,0.0
2025-09-29 00:00:00+00:00,0.0
2025-09-29 00:00:00+00:00,0.0
2025-09-30 00:00:00+00:00,0.03755154660646309
2025-09-30 00:00:00+00:00,0.0
2025-09-30 00:00:00+00:00,0.0
2025-09-30 00:00:00+00:00,0.0
2025-10-01 00:00:00+00:00,0.055454844179282814
2025-10-01 00:00:00+00:00,-0.0004
2025-10-01 00:00:00+00:00,-0.0
2025-10-01 00:00:00+00:00,-0.0
2025-10-02 00:00:00+00:00,0.031999396987766215
2025-10-02 00:00:00+00:00,-0.0
2025-10-02 00:00:00+00:00,-0.0
2025-10-02 00:00:00+00:00,-0.0
2025-10-03 00:00:00+00:00,0.011202158987746569
2025-10-03 00:00:00+00:00,-0.0
2025-10-03 00:00:00+00:00,-0.0
2025-10-03 00:00:00+00:00,-0.0
2025-10-06 00:00:00+00:00,0.015903615287732542
2025-10-06 00:00:00+00:00,-0.0
2025-10-06 00:00:00+00:00,-0.0
2025-10-06 00:00:00+00:00,-0.0
2025-10-07 00:00:00+00:00,-0.011468743543131987
2025-10-07 00:00:00+00:00,-0.0
2025-10-07 00:00:00+00:00,-0.0
2025-10-07 00:00:00+00:00,-0.0
2025-10-08 00:00:00+00:00,0.006828972596609861
2025-10-08 00:00:00+00:00,-0.0
2025-10-08 00:00:00+00:00,-0.0
2025-10-08 00:00:00+00:00,-0.0
2025-10-09 00:00:00+00:00,0.002378469494643043
2025-10-09 00:00:00+00:00,-0.0
2025-10-09 00:00:00+00:00,-0.0
2025-10-09 00:00:00+00:00,-0.0
2025-10-10 00:00:00+00:00,0.000823680412268657
2025-10-10 00:00:00+00:00,-0.0
2025-10-10 00:00:00+00:00,-0.0
2025-10-10 00:00:00+00:00,-0.0
2025-10-13 00:00:00+00:00,0.0008676441716579664
2025-10-13 00:00:00+00:00,-0.0
2025-10-13 00:00:00+00:00,-0.0
2025-10-13 00:00:00+00:00,-0.0
2025-10-14 00:00:00+00:00,0.005080284232215848
2025-10-14 00:00:00+00:00,-0.0
2025-10-14 00:00:00+00:00,-0.0
2025-10-14 00:00:00+00:00,-0.0
2025-10-15 00:00:00+00:00,0.005582702661768746
2025-10-15 00:00:00+00:00,-0.0
2025-10-15 00:00:00+00:00,-0.0
2025-10-15 00:00:00+00:00,-0.0
2025-10-16 00:00:00+00:00,-0.0028732820601142794
2025-10-16 00:00:00+00:00,-0.0
2025-10-16 00:00:00+00:00,-0.0
2025-10-16 00:00:00+00:00,-0.0
2025-10-17 00:00:00+00:00,-0.011901164522331253
2025-10-17 00:00:00+00:00,-0.0
2025-10-17 00:00:00+00:00,-0.0
2025-10-17 00:00:00+00:00,-0.0
2025-10-20 00:00:00+00:00,-0.010846285803225442
2025-10-20 00:00:00+00:00,-0.0
2025-10-20 00:00:00+00:00,-0.0
2025-10-20 00:00:00+00:00,-0.0
2025-10-21 00:00:00+00:00,0.0028871408821083966
2025-10-21 00:00:00+00:00,-0.0
2025-10-21 00:00:00+00:00,-0.0
2025-10-21 00:00:00+00:00,-0.0
2025-10-22 00:00:00+00:00,0.011711893768272197
2025-10-22 00:00:00+00:00,-0.0
2025-10-22 00:00:00+00:00,-0.0
2025-10-22 00:00:00+00:00,-0.0
2025-10-23 00:00:00+00:00,0.001880319528539176
2025-10-23 00:00:00+00:00,-0.0
2025-10-23 00:00:00+00:00,-0.0
2025-10-23 00:00:00+00:00,-0.0
2025-10-24 00:00:00+00:00,0.0011390776550674886
2025-10-24 00:00:00+00:00,-0.0
2025-10-24 00:00:00+00:00,-0.0
2025-10-24 00:00:00+00:00,-0.0
2025-10-27 00:00:00+00:00,-0.00017541142074084526
2025-10-27 00:00:00+00:00,-0.0
2025-10-27 00:00:00+00:00,-0.0
2025-10-27 00:00:00+00:00,-0.0
2025-10-28 00:00:00+00:00,0.0021488177724822144
2025-10-28 00:00:00+00:00,-0.0
2025-10-28 00:00:00+00:00,-0.0
2025-10-28 00:00:00+00:00,-0.0
2025-10-29 00:00:00+00:00,0.01054759535565375
2025-10-29 00:00:00+00:00,-0.0004
2025-10-29 00:00:00+00:00,0.0
2025-10-29 00:00:00+00:00,0.0
2025-10-30 00:00:00+00:00,0.01359157461746463
2025-10-30 00:00:00+00:00,0.0
2025-10-30 00:00:00+00:00,0.0
2025-10-30 00:00:00+00:00,0.0
2025-10-31 00:00:00+00:00,-0.04452239624172338
2025-10-31 00:00:00+00:00,0.0
2025-10-31 00:00:00+00:00,0.0
2025-10-31 00:00:00+00:00,0.0
2025-11-03 00:00:00+00:00,-0.027884752878874708
2025-11-03 00:00:00+00:00,0.0
2025-11-03 00:00:00+00:00,0.0
2025-11-03 00:00:00+00:00,0.0
2025-11-04 00:00:00+00:00,0.01854124983790073
2025-11-04 00:00:00+00:00,0.0
2025-11-04 00:00:00+00:00,0.0
2025-11-04 00:00:00+00:00,0.0
2025-11-05 00:00:00+00:00,0.004076123354546102
2025-11-05 00:00:00+00:00,0.0
2025-11-05 00:00:00+00:00,0.0
2025-11-05 00:00:00+00:00,0.0
2025-11-06 00:00:00+00:00,0.010471905223435662
2025-11-06 00:00:00+00:00,0.0
2025-11-06 00:00:00+00:00,0.0
2025-11-06 00:00:00+00:00,0.0
2025-11-07 00:00:00+00:00,0.0005478767143969332
2025-11-07 00:00:00+00:00,0.0
2025-11-07 00:00:00+00:00,0.0
2025-11-07 00:00:00+00:00,0.0
2025-11-10 00:00:00+00:00,-0.00205323720164019
2025-11-10 00:00:00+00:00,0.0
2025-11-10 00:00:00+00:00,0.0
2025-11-10 00:00:00+00:00,0.0
2025-11-11 00:00:00+00:00,0.029536724055464703
2025-11-11 00:00:00+00:00,0.0
2025-11-11 00:00:00+00:00,0.0
2025-11-11 00:00:00+00:00,0.0
2025-11-12 00:00:00+00:00,0.03579516822200257
2025-11-12 00:00:00+00:00,0.0
2025-11-12 00:00:00+00:00,0.0
2025-11-12 00:00:00+00:00,0.0
2025-11-13 00:00:00+00:00,-0.004030346839202892
2025-11-13 00:00:00+00:00,0.0
2025-11-13 00:00:00+00:00,0.0
2025-11-13 00:00:00+00:00,0.0
2025-11-14 00:00:00+00:00,0.00030142000473976083
2025-11-14 00:00:00+00:00,0.0
2025-11-14 00:00:00+00:00,0.0
2025-11-14 00:00:00+00:00,0.0
2025-11-17 00:00:00+00:00,0.007058000504819084
2025-11-17 00:00:00+00:00,0.0
2025-11-17 00:00:00+00:00,0.0
2025-11-17 00:00:00+00:00,0.0
2025-11-18 00:00:00+00:00,-0.0005555765901638088
2025-11-18 00:00:00+00:00,0.0
2025-11-18 00:00:00+00:00,0.0
2025-11-18 00:00:00+00:00,0.0
2025-11-19 00:00:00+00:00,-0.00410481794554951
2025-11-19 00:00:00+00:00,0.0
2025-11-19 00:00:00+00:00,0.0
2025-11-19 00:00:00+00:00,0.0
2025-11-20 00:00:00+00:00,-0.014855542406103206
2025-11-20 00:00:00+00:00,0.0
2025-11-20 00:00:00+00:00,0.0
2025-11-20 00:00:00+00:00,0.0
2025-11-21 00:00:00+00:00,0.029766816393006268
2025-11-21 00:00:00+00:00,0.0
2025-11-21 00:00:00+00:00,0.0
2025-11-21 00:00:00+00:00,0.0
2025-11-24 00:00:00+00:00,0.02825248036732415
2025-11-24 00:00:00+00:00,-0.0
2025-11-24 00:00:00+00:00,-0.0
2025-11-24 00:00:00+00:00,-0.0
2025-11-25 00:00:00+00:00,-0.009977806618339136
2025-11-25 00:00:00+00:00,-0.0
2025-11-25 00:00:00+00:00,-0.0
2025-11-25 00:00:00+00:00,-0.0
2025-11-26 00:00:00+00:00,0.017860191725345587
2025-11-26 00:00:00+00:00,-0.0
2025-11-26 00:00:00+00:00,-0.0004
2025-11-26 00:00:00+00:00,0.0
2025-11-28 00:00:00+00:00,0.00017566568172266983
2025-11-28 00:00:00+00:00,0.0
2025-11-28 00:00:00+00:00,0.0
2025-11-28 00:00:00+00:00,0.0
2025-12-01 00:00:00+00:00,-0.011374584370310581
2025-12-01 00:00:00+00:00,0.0
2025-12-01 00:00:00+00:00,0.0
2025-12-01 00:00:00+00:00,0.0
2025-12-02 00:00:00+00:00,-0.0032873116534754
2025-12-02 00:00:00+00:00,0.0
2025-12-02 00:00:00+00:00,0.0
2025-12-02 00:00:00+00:00,0.0
2025-12-03 00:00:00+00:00,0.02616215357988838
2025-12-03 00:00:00+00:00,0.0
2025-12-03 00:00:00+00:00,0.0
2025-12-03 00:00:00+00:00,0.0
2025-12-04 00:00:00+00:00,-0.006645188336231067
2025-12-04 00:00:00+00:00,0.0
2025-12-04 00:00:00+00:00,0.0
2025-12-04 00:00:00+00:00,0.0
2025-12-05 00:00:00+00:00,-0.011499346362854657
2025-12-05 00:00:00+00:00,0.0
2025-12-05 00:00:00+00:00,0.0
2025-12-05 00:00:00+00:00,0.0
2025-12-08 00:00:00+00:00,-0.013092693957275192
2025-12-08 00:00:00+00:00,0.0
2025-12-08 00:00:00+00:00,0.0
2025-12-08 00:00:00+00:00,0.0
2025-12-09 00:00:00+00:00,-0.0005825992474811637
2025-12-09 00:00:00+00:00,0.0
2025-12-09 00:00:00+00:00,0.0
2025-12-09 00:00:00+00:00,0.0
2025-12-10 00:00:00+00:00,0.009820978239156286
2025-12-10 00:00:00+00:00,0.0
2025-12-10 00:00:00+00:00,0.0
2025-12-10 00:00:00+00:00,0.0
2025-12-11 00:00:00+00:00,-0.005329035768646517
2025-12-11 00:00:00+00:00,0.0
2025-12-11 00:00:00+00:00,0.0
2025-12-11 00:00:00+00:00,0.0
2025-12-12 00:00:00+00:00,-0.002946655427970346
2025-12-12 00:00:00+00:00,0.0
2025-12-12 00:00:00+00:00,0.0
2025-12-12 00:00:00+00:00,0.0
2025-12-15 00:00:00+00:00,0.018493615744565206
2025-12-15 00:00:00+00:00,0.0
2025-12-15 00:00:00+00:00,0.0
2025-12-15 00:00:00+00:00,0.0
2025-12-16 00:00:00+00:00,-0.01661904774463896
2025-12-16 00:00:00+00:00,0.0
2025-12-16 00:00:00+00:00,0.0
2025-12-16 00:00:00+00:00,0.0
2025-12-17 00:00:00+00:00,0.002861339729765433
2025-12-17 00:00:00+00:00,0.0
2025-12-17 00:00:00+00:00,0.0
2025-12-17 00:00:00+00:00,0.0
2025-12-18 00:00:00+00:00,-0.006642507108253315
2025-12-18 00:00:00+00:00,0.0
2025-12-18 00:00:00+00:00,0.0
2025-12-18 00:00:00+00:00,0.0
2025-12-19 00:00:00+00:00,0.01795166151462979
2025-12-19 00:00:00+00:00,0.0
2025-12-19 00:00:00+00:00,0.0
2025-12-19 00:00:00+00:00,0.0
2025-12-22 00:00:00+00:00,0.004805566927576166
2025-12-22 00:00:00+00:00,0.0
2025-12-22 00:00:00+00:00,0.0
2025-12-22 00:00:00+00:00,0.0
2025-12-23 00:00:00+00:00,0.0038611482210244574
2025-12-23 00:00:00+00:00,0.0
2025-12-23 00:00:00+00:00,0.0
2025-12-23 00:00:00+00:00,0.0
2025-12-24 00:00:00+00:00,0.00480795540981882
2025-12-24 00:00:00+00:00,0.0
2025-12-24 00:00:00+00:00,0.0
2025-12-24 00:00:00+00:00,0.0
2025-12-26 00:00:00+00:00,0.00039141376040841003
2025-12-26 00:00:00+00:00,0.0
2025-12-26 00:00:00+00:00,0.0
2025-12-26 00:00:00+00:00,0.0
2025-12-29 00:00:00+00:00,0.003739515135131155
2025-12-29 00:00:00+00:00,0.0
2025-12-29 00:00:00+00:00,0.0
2025-12-29 00:00:00+00:00,0.0
2025-12-30 00:00:00+00:00,-0.004765191037091054
2025-12-30 00:00:00+00:00,0.0
2025-12-30 00:00:00+00:00,0.0
2025-12-30 00:00:00+00:00,0.0
2025-12-31 00:00:00+00:00,0.005040922909501822
2025-12-31 00:00:00+00:00,-0.0
2025-12-31 00:00:00+00:00,-0.0
2025-12-31 00:00:00+00:00,-0.0
2026-01-02 00:00:00+00:00,-0.0035887382686932146
2026-01-02 00:00:00+00:00,-0.0
2026-01-02 00:00:00+00:00,-0.0
2026-01-02 00:00:00+00:00,-0.0
2026-01-05 00:00:00+00:00,0.03981509933550942
2026-01-05 00:00:00+00:00,-0.0
2026-01-05 00:00:00+00:00,-0.0
2026-01-05 00:00:00+00:00,-0.0
2026-01-06 00:00:00+00:00,-0.017031487902689157
2026-01-06 00:00:00+00:00,-0.0
2026-01-06 00:00:00+00:00,-0.0
2026-01-06 00:00:00+00:00,-0.0
2026-01-07 00:00:00+00:00,-0.04237934220948092
2026-01-07 00:00:00+00:00,-0.0
2026-01-07 00:00:00+00:00,-0.0
2026-01-07 00:00:00+00:00,-0.0
2026-01-08 00:00:00+00:00,0.03979950071550409
2026-01-08 00:00:00+00:00,-0.0
2026-01-08 00:00:00+00:00,-0.0
2026-01-08 00:00:00+00:00,-0.0
2026-01-09 00:00:00+00:00,0.018069847493841662
2026-01-09 00:00:00+00:00,-0.0
2026-01-09 00:00:00+00:00,-0.0
2026-01-09 00:00:00+00:00,-0.0
2026-01-12 00:00:00+00:00,0.00018178585416706028
2026-01-12 00:00:00+00:00,-0.0
2026-01-12 00:00:00+00:00,-0.0
2026-01-12 00:00:00+00:00,-0.0
2026-01-13 00:00:00+00:00,-0.003226743834497059
2026-01-13 00:00:00+00:00,-0.0
2026-01-13 00:00:00+00:00,-0.0
2026-01-13 00:00:00+00:00,-0.0
2026-01-14 00:00:00+00:00,-0.005164161801298528
2026-01-14 00:00:00+00:00,-0.0
2026-01-14 00:00:00+00:00,-0.0
2026-01-14 00:00:00+00:00,-0.0
2026-01-15 00:00:00+00:00,0.02316460249428154
2026-01-15 00:00:00+00:00,-0.0
2026-01-15 00:00:00+00:00,-0.0
2026-01-15 00:00:00+00:00,-0.0
2026-01-16 00:00:00+00:00,0.0031159806326500616
2026-01-16 00:00:00+00:00,-0.0
2026-01-16 00:00:00+00:00,-0.0
2026-01-16 00:00:00+00:00,-0.0
2026-01-20 00:00:00+00:00,0.001446292552159334
2026-01-20 00:00:00+00:00,-0.0
2026-01-20 00:00:00+00:00,-0.0
2026-01-20 00:00:00+00:00,-0.0
2026-01-21 00:00:00+00:00,-0.009857973633604411
2026-01-21 00:00:00+00:00,-0.0
2026-01-21 00:00:00+00:00,-0.0
2026-01-21 00:00:00+00:00,-0.0
2026-01-22 00:00:00+00:00,-0.009067808323907967
2026-01-22 00:00:00+00:00,-0.0
2026-01-22 00:00:00+00:00,-0.0
2026-01-22 00:00:00+00:00,-0.0
2026-01-23 00:00:00+00:00,-0.005272540888846322
2026-01-23 00:00:00+00:00,-0.0
2026-01-23 00:00:00+00:00,-0.0
2026-01-23 00:00:00+00:00,-0.0
2026-01-26 00:00:00+00:00,-0.006886845769659589
2026-01-26 00:00:00+00:00,-0.0
2026-01-26 00:00:00+00:00,-0.0
2026-01-26 00:00:00+00:00,-0.0
2026-01-27 00:00:00+00:00,-0.01431348617188255
2026-01-27 00:00:00+00:00,-0.0
2026-01-27 00:00:00+00:00,-0.0
2026-01-27 00:00:00+00:00,-0.0
2026-01-28 00:00:00+00:00,0.02348945955824533
2026-01-28 00:00:00+00:00,-0.0
2026-01-28 00:00:00+00:00,-0.0
2026-01-28 00:00:00+00:00,-0.0
2026-01-29 00:00:00+00:00,-0.008048632741452622
2026-01-29 00:00:00+00:00,-0.0
2026-01-29 00:00:00+00:00,-0.0
2026-01-29 00:00:00+00:00,-0.0
2026-01-30 00:00:00+00:00,0.011304404649005574
2026-01-30 00:00:00+00:00,0.0
2026-01-30 00:00:00+00:00,0.0
2026-01-30 00:00:00+00:00,0.0
2026-02-02 00:00:00+00:00,0.011793215315880845
2026-02-02 00:00:00+00:00,0.0
2026-02-02 00:00:00+00:00,0.0
2026-02-02 00:00:00+00:00,0.0
2026-02-03 00:00:00+00:00,8.865570162663872e-05
2026-02-03 00:00:00+00:00,0.0
2026-02-03 00:00:00+00:00,0.0
2026-02-03 00:00:00+00:00,0.0
2026-02-04 00:00:00+00:00,-0.037888872254739914
2026-02-04 00:00:00+00:00,0.0
2026-02-04 00:00:00+00:00,0.0
2026-02-04 00:00:00+00:00,0.0
2026-02-05 00:00:00+00:00,0.008797400657454046
2026-02-05 00:00:00+00:00,0.0
2026-02-05 00:00:00+00:00,0.0
2026-02-05 00:00:00+00:00,0.0
2026-02-06 00:00:00+00:00,0.020135094134297926
2026-02-06 00:00:00+00:00,0.0
2026-02-06 00:00:00+00:00,0.0
2026-02-06 00:00:00+00:00,0.0
2026-02-09 00:00:00+00:00,-0.0007608565300899484
2026-02-09 00:00:00+00:00,0.0
2026-02-09 00:00:00+00:00,0.0
2026-02-09 00:00:00+00:00,0.0
2026-02-10 00:00:00+00:00,-0.003672812351541044
2026-02-10 00:00:00+00:00,0.0
2026-02-10 00:00:00+00:00,0.0
2026-02-10 00:00:00+00:00,0.0
2026-02-11 00:00:00+00:00,-0.006968184835216884
2026-02-11 00:00:00+00:00,0.0
2026-02-11 00:00:00+00:00,0.0
2026-02-11 00:00:00+00:00,0.0
2026-02-12 00:00:00+00:00,0.029924399604400298
2026-02-12 00:00:00+00:00,0.0
2026-02-12 00:00:00+00:00,0.0
2026-02-12 00:00:00+00:00,0.0
2026-02-13 00:00:00+00:00,0.01758241758241752
2026-02-13 00:00:00+00:00,0.0
2026-02-13 00:00:00+00:00,0.0
2026-02-13 00:00:00+00:00,0.0
2026-02-17 00:00:00+00:00,0.005874732658106119
2026-02-17 00:00:00+00:00,0.0
2026-02-17 00:00:00+00:00,0.0
2026-02-17 00:00:00+00:00,0.0
2026-02-18 00:00:00+00:00,-0.01777892029029049
2026-02-18 00:00:00+00:00,0.0
2026-02-18 00:00:00+00:00,0.0
2026-02-18 00:00:00+00:00,0.0
2026-02-19 00:00:00+00:00,-0.019106309434524182
2026-02-19 00:00:00+00:00,0.0
2026-02-19 00:00:00+00:00,0.0
2026-02-19 00:00:00+00:00,0.0
2026-02-20 00:00:00+00:00,0.0020503295857539072
2026-02-20 00:00:00+00:00,0.0
2026-02-20 00:00:00+00:00,0.0
2026-02-20 00:00:00+00:00,0.0
2026-02-23 00:00:00+00:00,0.0207730893628435
2026-02-23 00:00:00+00:00,0.0
2026-02-23 00:00:00+00:00,0.0
2026-02-23 00:00:00+00:00,0.0
2026-02-24 00:00:00+00:00,-0.004531956185704233
2026-02-24 00:00:00+00:00,0.0
2026-02-24 00:00:00+00:00,0.0
2026-02-24 00:00:00+00:00,0.0
2026-02-25 00:00:00+00:00,-0.006653844581580248
2026-02-25 00:00:00+00:00,0.0
2026-02-25 00:00:00+00:00,0.0
2026-02-25 00:00:00+00:00,-0.0004
2026-02-26 00:00:00+00:00,0.009827233146189274
2026-02-26 00:00:00+00:00,-0.0
2026-02-26 00:00:00+00:00,-0.0
2026-02-26 00:00:00+00:00,-0.0
2026-02-27 00:00:00+00:00,-0.03288975615003409
2026-02-27 00:00:00+00:00,-0.0
2026-02-27 00:00:00+00:00,-0.0
2026-02-27 00:00:00+00:00,-0.0
